<?xml version="2.1" encoding="UTF-8" standalone="yes"?>
<addon id="script.Master-Mac.api" name="[COLORorange]API Master[/COLOR]" version="0.0.1" provider-name="[COLORorange]BlackSkull[/COLOR]">
   <requires>
	<import addon="script.module.six" />
	<import addon="plugin.video.Master-Mac" />
  </requires>
  <extension point="xbmc.python.pluginsource" library="main.py">
    <provides>executable</provides>
  </extension>  
  <extension point="xbmc.addon.metadata">
	<summary lang="en"></summary>
    <summary lang="pt"></summary>
    <description lang="en"></description>
	<description lang="pt"></description>
     <disclaimer lang="en"></disclaimer>
	 <disclaimer lang="pt"></disclaimer>
    <platform>all</platform>
    <description>
        Addon sem fins lucrativos
        Todo conteúdo encontra-se disponivel na internet, apenas agregamos os links
    </description>
	<assets>
     <icon>icon.png</icon>
     <fanart>fanart.jpg</fanart>
    </assets>
  </extension>
</addon>