<?xml version="1.0" encoding="UTF-8" standalone="yes"?>
<addon id="plugin.video.Master-Mac" name="[COLOR red]MASTER[/COLOR] [COLOR gold]MAC[/COLOR]" version="19.3.6+matrix3" provider-name="">
    <requires>
		<import addon="xbmc.python" version="3.0.0"/>
		<import addon="script.module.requests" version="2.25.1+matrix.1"/>
	</requires>
	<extension point="xbmc.python.pluginsource" library="addon.py">
		<provides>video</provides>
	</extension>
	<extension point="xbmc.addon.metadata">
		<platform>all</platform>
		<summary lang="en">[COLORyellow] LIVE-TV, VOD, SÉRIES[/COLOR] KODi Matrix KODi Nexus</summary>
		<description>[COLOR red]Master[/COLOR] [COLORorange]Mac[/COLOR] [COLORgreen]é um addon da familia BlackSkull.TODOS OS LINKS ESTÃO DISPONIVEIS NA INTERNET![/COLOR]</description>
		<platform>all</platform>
		<assets>
       <icon>icon.png</icon>
       <fanart>fanart.jpg</fanart>
       <screenshot>resources/screenshots/1.jpg</screenshot>
       <screenshot>resources/screenshots/2.jpg</screenshot>
       <screenshot>resources/screenshots/3.jpg</screenshot>
    </assets>
	</extension>
</addon>
